INSERT INTO erp_dev.roles_category(id,category) VALUES(1,'Home'); 
INSERT INTO erp_dev.roles_category(id,category) VALUES(2,'Organization');
INSERT INTO erp_dev.roles_category(id,category) VALUES(3,'Recruitment');
INSERT INTO erp_dev.roles_category(id,category) VALUES(4,'Employees');
INSERT INTO erp_dev.roles_category(id,category) VALUES(5,'Time Sheet');
INSERT INTO erp_dev.roles_category(id,category) VALUES(6,'Payroll');
INSERT INTO erp_dev.roles_category(id,category) VALUES(7,'Reports');
INSERT INTO erp_dev.roles_category(id,category) VALUES(8,'Miscellaneous');
INSERT INTO erp_dev.roles_category(id,category) VALUES(9,'Erp'); 
INSERT INTO erp_dev.roles(id,privilege) VALUES(1,'VIEW');
INSERT INTO erp_dev.roles(id,privilege) VALUES(2,'ADD');
INSERT INTO erp_dev.roles(id,privilege) VALUES(3,'UPDATE');
INSERT INTO erp_dev.roles(id,privilege) VALUES(4,'DELETE');
INSERT INTO erp_dev.role_type_titles(id,title,category_id) VALUES(1,'Home',1);
INSERT INTO erp_dev.role_type_titles(id,title,category_id) VALUES(2,'Branch',2);
INSERT INTO erp_dev.role_type_titles(id,title,category_id) VALUES(3,'Departments',2);
INSERT INTO erp_dev.role_type_titles(id,title,category_id) VALUES(4,'Projects',2);
INSERT INTO erp_dev.role_type_titles(id,title,category_id) VALUES(5,'Meetings',2);
INSERT INTO erp_dev.role_type_titles(id,title,category_id) VALUES(6,'Work Schedule',5);
INSERT INTO erp_dev.role_type_titles(id,title,category_id) VALUES(7,'Announcements',2);
INSERT INTO erp_dev.role_type_titles(id,title,category_id) VALUES(8,'Organization Policies',2);
INSERT INTO erp_dev.role_type_titles(id,title,category_id) VALUES(9,'System Log',2);
INSERT INTO erp_dev.role_type_titles(id,title,category_id) VALUES(11,'Job Posts',3);
INSERT INTO erp_dev.role_type_titles(id,title,category_id) VALUES(12,'Job Candidates',3);
INSERT INTO erp_dev.role_type_titles(id,title,category_id) VALUES(14,'Job Tests',3);
INSERT INTO erp_dev.role_type_titles(id,title,category_id) VALUES(15,'Job Interviews',3);
INSERT INTO erp_dev.role_type_titles(id,title,category_id) VALUES(17,'Empoyees',4);
INSERT INTO erp_dev.role_type_titles(id,title,category_id) VALUES(18,'Employee Contracts',4);
INSERT INTO erp_dev.role_type_titles(id,title,category_id) VALUES(19,'Assignments',4);
INSERT INTO erp_dev.role_type_titles(id,title,category_id) VALUES(20,'Transfers',4);
INSERT INTO erp_dev.role_type_titles(id,title,category_id) VALUES(21,'Resignations',4);
INSERT INTO erp_dev.role_type_titles(id,title,category_id) VALUES(22,'Termination',4);
INSERT INTO erp_dev.role_type_titles(id,title,category_id) VALUES(23,'Performance Evaluation',4);
INSERT INTO erp_dev.role_type_titles(id,title,category_id) VALUES(24,'Employee Joining',4);
INSERT INTO erp_dev.role_type_titles(id,title,category_id) VALUES(25,'Travels	',4);
INSERT INTO erp_dev.role_type_titles(id,title,category_id) VALUES(26,'Reminders',4);
INSERT INTO erp_dev.role_type_titles(id,title,category_id) VALUES(27,'Attendance',5);
INSERT INTO erp_dev.role_type_titles(id,title,category_id) VALUES(28,'Leaves',5);
INSERT INTO erp_dev.role_type_titles(id,title,category_id) VALUES(29,'Worksheets',5);
INSERT INTO erp_dev.role_type_titles(id,title,category_id) VALUES(30,'Salary',6);
INSERT INTO erp_dev.role_type_titles(id,title,category_id) VALUES(31,'Advance Salary',6);
INSERT INTO erp_dev.role_type_titles(id,title,category_id) VALUES(32,'Advance Salary Types',6);
INSERT INTO erp_dev.role_type_titles(id,title,category_id) VALUES(33,'Hourly Wages',6);
INSERT INTO erp_dev.role_type_titles(id,title,category_id) VALUES(34,'Loans',6);
INSERT INTO erp_dev.role_type_titles(id,title,category_id) VALUES(35,'Payroll Structure',6);
INSERT INTO erp_dev.role_type_titles(id,title,category_id) VALUES(36,'Salary Payslips',6);
INSERT INTO erp_dev.role_type_titles(id,title,category_id) VALUES(37,'Daily Wages',6);
INSERT INTO erp_dev.role_type_titles(id,title,category_id) VALUES(38,'Provident Fund',6);
INSERT INTO erp_dev.role_type_titles(id,title,category_id) VALUES(39,'ESI',6);
INSERT INTO erp_dev.role_type_titles(id,title,category_id) VALUES(40,'HR Report',7);
INSERT INTO erp_dev.role_type_titles(id,title,category_id) VALUES(41,'Recruitment Reports',7);
INSERT INTO erp_dev.role_type_titles(id,title,category_id) VALUES(42,'Employee Reports',7);
INSERT INTO erp_dev.role_type_titles(id,title,category_id) VALUES(43,'Time Sheet Reports',7);
INSERT INTO erp_dev.role_type_titles(id,title,category_id) VALUES(44,'Pay Roll Reports',7);
INSERT INTO erp_dev.role_type_titles(id,title,category_id) VALUES(45,'Attendance Status',5);
INSERT INTO erp_dev.role_type_titles(id,title,category_id) VALUES(46,'Pay Salary',6);
INSERT INTO erp_dev.role_type_titles(id,title,category_id) VALUES(47,'Accounts',9);
INSERT INTO erp_dev.role_type_titles(id,title,category_id) VALUES(48,'CRM',9);
INSERT INTO erp_dev.role_type_titles(id,title,category_id) VALUES(49,'Sales',9);
INSERT INTO erp_dev.role_type_titles(id,title,category_id) VALUES(50,'Purchase',9);
INSERT INTO erp_dev.role_type_titles(id,title,category_id) VALUES(51,'Inventory',9);
INSERT INTO erp_dev.role_type_titles(id,title,category_id) VALUES(52,'HRMS',9);
INSERT INTO erp_dev.role_types(id,TYPE,title) VALUES(1,'User Information',1);
INSERT INTO erp_dev.role_types(id,TYPE,title) VALUES(2,'Salary Calculator',1);
INSERT INTO erp_dev.role_types(id,TYPE,title) VALUES(3,'Employees Reporting',1);
INSERT INTO erp_dev.role_types(id,TYPE,title) VALUES(7,'Leaves Summary',1);
INSERT INTO erp_dev.role_types(id,TYPE,title) VALUES(10,'Branch',2);
INSERT INTO erp_dev.role_types(id,TYPE,title) VALUES(11,'Branch Documents',2);
INSERT INTO erp_dev.role_types(id,TYPE,title) VALUES(12,'Branch Map',2);
INSERT INTO erp_dev.role_types(id,TYPE,title) VALUES(13,'Departments',3);
INSERT INTO erp_dev.role_types(id,TYPE,title) VALUES(14,'Department Documents',3);
INSERT INTO erp_dev.role_types(id,TYPE,title) VALUES(15,'Projects',4);
INSERT INTO erp_dev.role_types(id,TYPE,title) VALUES(16,'Project Documents',4);
INSERT INTO erp_dev.role_types(id,TYPE,title) VALUES(17,'Meetings',5);
INSERT INTO erp_dev.role_types(id,TYPE,title) VALUES(18,'Meeting Documents',5);
INSERT INTO erp_dev.role_types(id,TYPE,title) VALUES(19,'Announcements',7);
INSERT INTO erp_dev.role_types(id,TYPE,title) VALUES(20,'Announcements Status Update',7);
INSERT INTO erp_dev.role_types(id,TYPE,title) VALUES(25,'System Log',9);
INSERT INTO erp_dev.role_types(id,TYPE,title) VALUES(28,'Job Posts',11);
INSERT INTO erp_dev.role_types(id,TYPE,title) VALUES(29,'Job Post Documents',11);
INSERT INTO erp_dev.role_types(id,TYPE,title) VALUES(31,'Job Candidates',12);
INSERT INTO erp_dev.role_types(id,TYPE,title) VALUES(32,'Candidate Detailed Info',12);
INSERT INTO erp_dev.role_types(id,TYPE,title) VALUES(33,'Job Candidate Qualifications',12);
INSERT INTO erp_dev.role_types(id,TYPE,title) VALUES(34,'Job Candidate Work Experiences',12);
INSERT INTO erp_dev.role_types(id,TYPE,title) VALUES(35,'Job Candidate Memberships',12);
INSERT INTO erp_dev.role_types(id,TYPE,title) VALUES(36,'Job Candidate Trainings',12);
INSERT INTO erp_dev.role_types(id,TYPE,title) VALUES(37,'Job Candidate Languages',12);
INSERT INTO erp_dev.role_types(id,TYPE,title) VALUES(38,'Job Candidate Skills',12);
INSERT INTO erp_dev.role_types(id,TYPE,title) VALUES(39,'Job Candidate References',12);
INSERT INTO erp_dev.role_types(id,TYPE,title) VALUES(40,'Candidate Job Post History',12);
INSERT INTO erp_dev.role_types(id,TYPE,title) VALUES(41,'Candidate Documents',12);
INSERT INTO erp_dev.role_types(id,TYPE,title) VALUES(42,'Candidate Notes',12);
INSERT INTO erp_dev.role_types(id,TYPE,title) VALUES(46,'Job Tests',14);
INSERT INTO erp_dev.role_types(id,TYPE,title) VALUES(47,'Job Test Documents',14);
INSERT INTO erp_dev.role_types(id,TYPE,title) VALUES(50,'Job Interviews',15);
INSERT INTO erp_dev.role_types(id,TYPE,title) VALUES(51,'Job Interview Notes',15);
INSERT INTO erp_dev.role_types(id,TYPE,title) VALUES(52,'Job Interview Documents',15);
INSERT INTO erp_dev.role_types(id,TYPE,title) VALUES(54,'Employees',17);
INSERT INTO erp_dev.role_types(id,TYPE,title) VALUES(55,'Employee Roles',17);
INSERT INTO erp_dev.role_types(id,TYPE,title) VALUES(56,'Employee Documents',17);
INSERT INTO erp_dev.role_types(id,TYPE,title) VALUES(57,'Employee Notes',17);
INSERT INTO erp_dev.role_types(id,TYPE,title) VALUES(58,'Employee Activity',17);
INSERT INTO erp_dev.role_types(id,TYPE,title) VALUES(59,'Employee Status Update',17);
INSERT INTO erp_dev.role_types(id,TYPE,title) VALUES(61,'Employee Detailed Information',17);
INSERT INTO erp_dev.role_types(id,TYPE,title) VALUES(62,'Employee Qualifications	',17);
INSERT INTO erp_dev.role_types(id,TYPE,title) VALUES(63,'Employee Work Experiences',17);
INSERT INTO erp_dev.role_types(id,TYPE,title) VALUES(64,'Employee Languages',17);
INSERT INTO erp_dev.role_types(id,TYPE,title) VALUES(65,'Employee Skills	',17);
INSERT INTO erp_dev.role_types(id,TYPE,title) VALUES(66,'Employee References',17);
INSERT INTO erp_dev.role_types(id,TYPE,title) VALUES(67,'Employee Dependants',17);
INSERT INTO erp_dev.role_types(id,TYPE,title) VALUES(68,'Employee Next of Kins',17);
INSERT INTO erp_dev.role_types(id,TYPE,title) VALUES(69,'Employee Bank Accounts',17);
INSERT INTO erp_dev.role_types(id,TYPE,title) VALUES(70,'Employee Organization Assets',17);
INSERT INTO erp_dev.role_types(id,TYPE,title) VALUES(71,'Employee Benefits',17);
INSERT INTO erp_dev.role_types(id,TYPE,title) VALUES(73,'Designations',17);
INSERT INTO erp_dev.role_types(id,TYPE,title) VALUES(74,'Employee Grades',17);
INSERT INTO erp_dev.role_types(id,TYPE,title) VALUES(75,'Employee Contracts',18);
INSERT INTO erp_dev.role_types(id,TYPE,title) VALUES(76,'Contract Document',18);
INSERT INTO erp_dev.role_types(id,TYPE,title) VALUES(77,'Assignments',19);
INSERT INTO erp_dev.role_types(id,TYPE,title) VALUES(78,'Assignment Documents',19);
INSERT INTO erp_dev.role_types(id,TYPE,title) VALUES(79,'Transfers',20);
INSERT INTO erp_dev.role_types(id,TYPE,title) VALUES(80,'Transfer Documents',20);
INSERT INTO erp_dev.role_types(id,TYPE,title) VALUES(81,'Resignations',21);
INSERT INTO erp_dev.role_types(id,TYPE,title) VALUES(82,'Resignation Documents',21);
INSERT INTO erp_dev.role_types(id,TYPE,title) VALUES(83,'Terminations',22);
INSERT INTO erp_dev.role_types(id,TYPE,title) VALUES(84,'Termination Documents',22);
INSERT INTO erp_dev.role_types(id,TYPE,title) VALUES(85,'Performance Evaluation',23);
INSERT INTO erp_dev.role_types(id,TYPE,title) VALUES(86,'Employees Evaluation',23);
INSERT INTO erp_dev.role_types(id,TYPE,title) VALUES(87,'Evaluation Result',23);
INSERT INTO erp_dev.role_types(id,TYPE,title) VALUES(88,'Employee Joining',24);
INSERT INTO erp_dev.role_types(id,TYPE,title) VALUES(89,'Employee Joining Documents',24);
INSERT INTO erp_dev.role_types(id,TYPE,title) VALUES(90,'Employee Travel',25);
INSERT INTO erp_dev.role_types(id,TYPE,title) VALUES(91,'Travel Documents',25);
INSERT INTO erp_dev.role_types(id,TYPE,title) VALUES(92,'Reminders',26);
INSERT INTO erp_dev.role_types(id,TYPE,title) VALUES(93,'Work Shifts',6);
INSERT INTO erp_dev.role_types(id,TYPE,title) VALUES(94,'Holidays',6);
INSERT INTO erp_dev.role_types(id,TYPE,title) VALUES(95,'Notifications',6);
INSERT INTO erp_dev.role_types(id,TYPE,title) VALUES(96,'Attendance',27);
INSERT INTO erp_dev.role_types(id,TYPE,title) VALUES(97,'Leaves',28);
INSERT INTO erp_dev.role_types(id,TYPE,title) VALUES(98,'Leaves Documents',28);
INSERT INTO erp_dev.role_types(id,TYPE,title) VALUES(100,'Work Sheets',29);
INSERT INTO erp_dev.role_types(id,TYPE,title) VALUES(101,'Worksheet Documents',29);
INSERT INTO erp_dev.role_types(id,TYPE,title) VALUES(102,'Salary',30);
INSERT INTO erp_dev.role_types(id,TYPE,title) VALUES(103,'Salary Payslips',30);
INSERT INTO erp_dev.role_types(id,TYPE,title) VALUES(104,'Adjustments',30);
INSERT INTO erp_dev.role_types(id,TYPE,title) VALUES(105,'Bonuses',30);
INSERT INTO erp_dev.role_types(id,TYPE,title) VALUES(106,'Commissions',30);
INSERT INTO erp_dev.role_types(id,TYPE,title) VALUES(107,'Deductions',30);
INSERT INTO erp_dev.role_types(id,TYPE,title) VALUES(108,'Overtimes',30);
INSERT INTO erp_dev.role_types(id,TYPE,title) VALUES(109,'Reimbursements',30);
INSERT INTO erp_dev.role_types(id,TYPE,title) VALUES(110,'Reimbursements Documents',30);
INSERT INTO erp_dev.role_types(id,TYPE,title) VALUES(111,'Advance Salary',31);
INSERT INTO erp_dev.role_types(id,TYPE,title) VALUES(112,'Advance Salary Types',32);
INSERT INTO erp_dev.role_types(id,TYPE,title) VALUES(113,'Hourly Wages',33);
INSERT INTO erp_dev.role_types(id,TYPE,title) VALUES(114,'Loans',34);
INSERT INTO erp_dev.role_types(id,TYPE,title) VALUES(115,'Loan Documents',34);
INSERT INTO erp_dev.role_types(id,TYPE,title) VALUES(116,'Payroll Structure',35);
INSERT INTO erp_dev.role_types(id,TYPE,title) VALUES(117,'Salary Payslips',36);
INSERT INTO erp_dev.role_types(id,TYPE,title) VALUES(118,'Daily Wages',37);
INSERT INTO erp_dev.role_types(id,TYPE,title) VALUES(119,'Provident Fund',38);
INSERT INTO erp_dev.role_types(id,TYPE,title) VALUES(120,'ESI',39);
INSERT INTO erp_dev.role_types(id,TYPE,title) VALUES(121,'HR Report',40);
INSERT INTO erp_dev.role_types(id,TYPE,title) VALUES(122,'Employee List',40);
INSERT INTO erp_dev.role_types(id,TYPE,title) VALUES(123,'HR Summary',40);
INSERT INTO erp_dev.role_types(id,TYPE,title) VALUES(124,'Payroll Summary',40);
INSERT INTO erp_dev.role_types(id,TYPE,title) VALUES(125,'Holidays Calendar',40);
INSERT INTO erp_dev.role_types(id,TYPE,title) VALUES(126,'Leave Reports',40);
INSERT INTO erp_dev.role_types(id,TYPE,title) VALUES(127,'Project Employees',40);
INSERT INTO erp_dev.role_types(id,TYPE,title) VALUES(128,'Recruitment Reports',41);
INSERT INTO erp_dev.role_types(id,TYPE,title) VALUES(129,'Job Post Report',41);
INSERT INTO erp_dev.role_types(id,TYPE,title) VALUES(130,'Job Candidates Report',41);
INSERT INTO erp_dev.role_types(id,TYPE,title) VALUES(131,'Job Interviews Report',41);
INSERT INTO erp_dev.role_types(id,TYPE,title) VALUES(132,'Employee Reports',42);
INSERT INTO erp_dev.role_types(id,TYPE,title) VALUES(133,'Employee Summary',42);
INSERT INTO erp_dev.role_types(id,TYPE,title) VALUES(134,'Project Employee',42);
INSERT INTO erp_dev.role_types(id,TYPE,title) VALUES(135,'Joining Reports',42);
INSERT INTO erp_dev.role_types(id,TYPE,title) VALUES(136,'Transfers Reports',42);
INSERT INTO erp_dev.role_types(id,TYPE,title) VALUES(137,'Resignation Reports',42);
INSERT INTO erp_dev.role_types(id,TYPE,title) VALUES(138,'Travel Reports',42);
INSERT INTO erp_dev.role_types(id,TYPE,title) VALUES(139,'Assignment Reports',42);
INSERT INTO erp_dev.role_types(id,TYPE,title) VALUES(140,'Time Sheet Reports',43);
INSERT INTO erp_dev.role_types(id,TYPE,title) VALUES(141,'Work Sheet Reports',43);
INSERT INTO erp_dev.role_types(id,TYPE,title) VALUES(142,'Employee Work Sheets',43);
INSERT INTO erp_dev.role_types(id,TYPE,title) VALUES(143,'Employee Time Sheet',43);
INSERT INTO erp_dev.role_types(id,TYPE,title) VALUES(144,'Employee Attendance Reports',43);
INSERT INTO erp_dev.role_types(id,TYPE,title) VALUES(145,'Absent Employees',43);
INSERT INTO erp_dev.role_types(id,TYPE,title) VALUES(146,'Employee Leave Summary',43);
INSERT INTO erp_dev.role_types(id,TYPE,title) VALUES(150,'Pay Slip Reports',44);
INSERT INTO erp_dev.role_types(id,TYPE,title) VALUES(151,'Hourly Wages By Attendance Reports',44);
INSERT INTO erp_dev.role_types(id,TYPE,title) VALUES(152,'Daily Wages Reports',44);
INSERT INTO erp_dev.role_types(id,TYPE,title) VALUES(153,'Salary Reports',44);
INSERT INTO erp_dev.role_types(id,TYPE,title) VALUES(154,'Salary Split Reports',44);
INSERT INTO erp_dev.role_types(id,TYPE,title) VALUES(155,'Deduction Reports',44);
INSERT INTO erp_dev.role_types(id,TYPE,title) VALUES(156,'Bonuses Reports',44);
INSERT INTO erp_dev.role_types(id,TYPE,title) VALUES(157,'Commissions Reports',44);
INSERT INTO erp_dev.role_types(id,TYPE,title) VALUES(158,'Adjustments Reports',44);
INSERT INTO erp_dev.role_types(id,TYPE,title) VALUES(159,'Reimbursements Reports',44);
INSERT INTO erp_dev.role_types(id,TYPE,title) VALUES(160,'Overtime Reports',44);
INSERT INTO erp_dev.role_types(id,TYPE,title) VALUES(161,'Provident Fund Reports',44);
INSERT INTO erp_dev.role_types(id,TYPE,title) VALUES(162,'Esi Reports',44);
INSERT INTO erp_dev.role_types(id,TYPE,title) VALUES(163,'Advance Salary Reports',44);
INSERT INTO erp_dev.role_types(id,TYPE,title) VALUES(164,'Loans Reports',44);
INSERT INTO erp_dev.role_types(id,TYPE,title) VALUES(165,'Pay Roll Reports',44);
INSERT INTO erp_dev.role_types(id,TYPE,title) VALUES(166,'Attendance Status',45);
INSERT INTO erp_dev.role_types(id,TYPE,title) VALUES(167,'Organization Policies',8);
INSERT INTO erp_dev.role_types(id,TYPE,title) VALUES(168,'Organization Policy Documents',8);
INSERT INTO erp_dev.role_types(id,TYPE,title) VALUES(169,'Pay Salary',46);
INSERT INTO erp_dev.role_types(id,TYPE,title) VALUES(170,'Accounts',47);
INSERT INTO erp_dev.role_types(id,TYPE,title) VALUES(171,'CRM',48);
INSERT INTO erp_dev.role_types(id,TYPE,title) VALUES(172,'Sales',49);
INSERT INTO erp_dev.role_types(id,TYPE,title) VALUES(173,'Purchase',50);
INSERT INTO erp_dev.role_types(id,TYPE,title) VALUES(174,'Inventory',51);
INSERT INTO erp_dev.role_types(id,TYPE,title) VALUES(175,'HRMS',52);
INSERT INTO erp_dev.account_types (id,account_type) VALUES (1,'SB');
INSERT INTO erp_dev.account_types (id,account_type) VALUES (2,'PF');
INSERT INTO erp_dev.account_types (id,account_type) VALUES (3,'ESI');
INSERT INTO erp_dev.blood_groups(id,blood_group) VALUES(1,'O+');
INSERT INTO erp_dev.blood_groups(id,blood_group) VALUES(2,'O-');
INSERT INTO erp_dev.blood_groups(id,blood_group) VALUES(3,'A+');
INSERT INTO erp_dev.blood_groups(id,blood_group) VALUES(4,'A-');
INSERT INTO erp_dev.blood_groups(id,blood_group) VALUES(5,'B+');
INSERT INTO erp_dev.blood_groups(id,blood_group) VALUES(6,'B-');
INSERT INTO erp_dev.blood_groups(id,blood_group) VALUES(7,'AB+');
INSERT INTO erp_dev.blood_groups(id,blood_group) VALUES(8,'AB-');
INSERT INTO erp_dev.country(id,CODE,NAME) VALUES(1,'IND','India');
INSERT INTO erp_dev.employee_status(id,NAME) VALUES(1,'Active');
INSERT INTO erp_dev.employee_status(id,NAME) VALUES(2,'Inactive');
INSERT INTO erp_dev.employee(id,employee_code,is_admin,employeeStatus_id) VALUES(1,'EMP-1',TRUE,1);
INSERT INTO erp_dev.language(id,NAME) VALUES(1,'English');
INSERT INTO erp_dev.language(id,NAME) VALUES(2,'Malayalam');
INSERT INTO erp_dev.language(id,NAME) VALUES(3,'Hindi');
INSERT INTO erp_dev.relegion(id,relegion) VALUES(1,'Christian');
INSERT INTO erp_dev.relegion(id,relegion) VALUES(2,'Hindu');
INSERT INTO erp_dev.relegion(id,relegion) VALUES(3,'Islam');
INSERT INTO erp_dev.shift_days(id,shift_day) VALUES(1,'Sunday');
INSERT INTO erp_dev.shift_days(id,shift_day) VALUES(2,'Monday');
INSERT INTO erp_dev.shift_days(id,shift_day) VALUES(3,'Tuesday');
INSERT INTO erp_dev.shift_days(id,shift_day) VALUES(4,'Wednesday');
INSERT INTO erp_dev.shift_days(id,shift_day) VALUES(5,'Thursday');
INSERT INTO erp_dev.shift_days(id,shift_day) VALUES(6,'Friday');
INSERT INTO erp_dev.shift_days(id,shift_day) VALUES(7,'Saturday');
INSERT INTO erp_dev.user(id,allow_login,email,PASSWORD,username,employee_id) VALUES(1,TRUE,'admin@hrms.com','21232f297a57a5a743894a0e4a801fc3','admin',1);
INSERT INTO erp_dev.time_zone(id,location,OFFSET) VALUES(1,'UTC/GMT','+5:30 hours');
INSERT INTO erp_dev.termination_status(id,STATUS) VALUES(1,'Requested');
INSERT INTO erp_dev.termination_status(id,STATUS) VALUES(2,'Approved');
INSERT INTO erp_dev.termination_status(id,STATUS) VALUES(3,'Rejected');
INSERT INTO erp_dev.termination_status(id,STATUS) VALUES(4,'Send back');
INSERT INTO erp_dev.termination_status(id,STATUS) VALUES(5,'Forward');
INSERT INTO erp_dev.advance_salary_status(id,STATUS) VALUES(1,'Requested');
INSERT INTO erp_dev.advance_salary_status(id,STATUS) VALUES(2,'Approved');
INSERT INTO erp_dev.advance_salary_status(id,STATUS) VALUES(3,'Rejected');
INSERT INTO erp_dev.advance_salary_status(id,STATUS) VALUES(4,'Send back');
INSERT INTO erp_dev.advance_salary_status(id,STATUS) VALUES(5,'Forward');
INSERT INTO erp_dev.reminder_status(id,STATUS) VALUES(1,'Active');
INSERT INTO erp_dev.reminder_status(id,STATUS) VALUES(2,'Inactive');
INSERT INTO erp_dev.overtime_status(id,STATUS) VALUES(1,'Requested');
INSERT INTO erp_dev.overtime_status(id,STATUS) VALUES(2,'Approved');
INSERT INTO erp_dev.overtime_status(id,STATUS) VALUES(3,'Rejected');
INSERT INTO erp_dev.overtime_status(id,STATUS) VALUES(4,'Send back');
INSERT INTO erp_dev.overtime_status(id,STATUS) VALUES(5,'Forward');
INSERT INTO erp_dev.loan_status(id,STATUS) VALUES(1,'Requested');
INSERT INTO erp_dev.loan_status(id,STATUS) VALUES(2,'Accepted');
INSERT INTO erp_dev.loan_status(id,STATUS) VALUES(3,'Rejected');
INSERT INTO erp_dev.`employee_roles`(`role_type_id`,`employee_id`,`role_id`) VALUES(54,1,1);
INSERT INTO erp_dev.`employee_roles`(`role_type_id`,`employee_id`,`role_id`) VALUES(54,1,2);
INSERT INTO erp_dev.`employee_roles`(`role_type_id`,`employee_id`,`role_id`) VALUES(54,1,3);
INSERT INTO erp_dev.`employee_roles`(`role_type_id`,`employee_id`,`role_id`) VALUES(54,1,4);
INSERT INTO erp_dev.`employee_roles`(`role_type_id`,`employee_id`,`role_id`) VALUES(55,1,1);
INSERT INTO erp_dev.`employee_roles`(`role_type_id`,`employee_id`,`role_id`) VALUES(55,1,2);
INSERT INTO erp_dev.`employee_roles`(`role_type_id`,`employee_id`,`role_id`) VALUES(55,1,3);
INSERT INTO erp_dev.`employee_roles`(`role_type_id`,`employee_id`,`role_id`) VALUES(55,1,4);
INSERT INTO erp_dev.`employee_roles`(`role_type_id`,`employee_id`,`role_id`) VALUES(61,1,1);
INSERT INTO erp_dev.`employee_roles`(`role_type_id`,`employee_id`,`role_id`) VALUES(61,1,2);
INSERT INTO erp_dev.`employee_roles`(`role_type_id`,`employee_id`,`role_id`) VALUES(170,1,1);
INSERT INTO erp_dev.`employee_roles`(`role_type_id`,`employee_id`,`role_id`) VALUES(171,1,1);
INSERT INTO erp_dev.`employee_roles`(`role_type_id`,`employee_id`,`role_id`) VALUES(172,1,1);
INSERT INTO erp_dev.`employee_roles`(`role_type_id`,`employee_id`,`role_id`) VALUES(173,1,1);
INSERT INTO erp_dev.`employee_roles`(`role_type_id`,`employee_id`,`role_id`) VALUES(174,1,1);
INSERT INTO erp_dev.`employee_roles`(`role_type_id`,`employee_id`,`role_id`) VALUES(175,1,1);
INSERT INTO erp_dev.forward_application_status(id,NAME) VALUES(1,'Requested');
INSERT INTO erp_dev.forward_application_status(id,NAME) VALUES(2,'Approved');
INSERT INTO erp_dev.forward_application_status(id,NAME) VALUES(3,'Rejected');
INSERT INTO erp_dev.forward_application_status(id,NAME) VALUES(4,'Send Back');
INSERT INTO erp_dev.forward_application_status(id,NAME) VALUES(5,'Forward');
INSERT INTO erp_dev.salary_approval_status(id,STATUS) VALUES(1,'Requested');
INSERT INTO erp_dev.salary_approval_status(id,STATUS) VALUES(2,'Approved');
INSERT INTO erp_dev.salary_approval_status(id,STATUS) VALUES(3,'Rejected');
INSERT INTO erp_dev.salary_approval_status(id,STATUS) VALUES(4,'Paid');
INSERT INTO erp_dev.announcements_status(id,status) VALUES(1,'Active');
INSERT INTO erp_dev.announcements_status(id,status) VALUES(2,'Inactive');
INSERT INTO erp_dev.projectstatus(id,NAME) VALUES(2,'Initiated');
INSERT INTO erp_dev.projectstatus(id,NAME) VALUES(3,'Ongoing Project');
INSERT INTO erp_dev.projectstatus(id,NAME) VALUES(4,'Project in Maintenance');
INSERT INTO erp_dev.projectstatus(id,NAME) VALUES(5,'Project Completed');
INSERT INTO erp_dev.projectstatus(id,NAME) VALUES(6,'Project Cancelled');
INSERT INTO erp_dev.candidate_status(id,STATUS) VALUES(1,'Short Listed');
INSERT INTO erp_dev.candidate_status(id,STATUS) VALUES(2,'Waiting List');
INSERT INTO erp_dev.candidate_status(id,STATUS) VALUES(3,'Rejected');
INSERT INTO erp_dev.salary_types(id,TYPE) VALUES(1,'Monthly');
INSERT INTO erp_dev.salary_types(id,TYPE) VALUES(2,'Daily');
INSERT INTO erp_dev.salary_types(id,TYPE) VALUES(3,'Hourly');
INSERT INTO erp_dev.meetingstatus(id,NAME) VALUES(1,'Started');
INSERT INTO erp_dev.meetingstatus(id,NAME) VALUES(2,'Post Poned');
INSERT INTO erp_dev.meetingstatus(id,NAME) VALUES(3,'Over');
INSERT INTO erp_dev.travel_mode(id,NAME) VALUES(1,'Road');
INSERT INTO erp_dev.travel_mode(id,NAME) VALUES(2,'Air');
INSERT INTO erp_dev.travel_mode(id,NAME) VALUES(3,'Ocean');
INSERT INTO erp_dev.travel_mode(id,NAME) VALUES(4,'Rail');
INSERT INTO erp_dev.travel_arrangement_type(id,NAME) VALUES(1,'Self');
INSERT INTO erp_dev.travel_arrangement_type(id,NAME) VALUES(2,'Company');
insert into erp_dev.`base_currency` (`id`,`base_currency`) values('1','AED');
insert into erp_dev.`base_currency` (`id`,`base_currency`) values('2','AFN');
insert into erp_dev.`base_currency` (`id`,`base_currency`) values('3','ALL');
insert into erp_dev.`base_currency` (`id`,`base_currency`) values('4','AMD');
insert into erp_dev.`base_currency` (`id`,`base_currency`) values('5','ANG');
insert into erp_dev.`base_currency` (`id`,`base_currency`) values('6','AOA');
insert into erp_dev.`base_currency` (`id`,`base_currency`) values('7','ARS');
insert into erp_dev.`base_currency` (`id`,`base_currency`) values('8','AUD');
insert into erp_dev.`base_currency` (`id`,`base_currency`) values('9','AWG');
insert into erp_dev.`base_currency` (`id`,`base_currency`) values('10','AZN');
insert into erp_dev.`base_currency` (`id`,`base_currency`) values('11','BAM');
insert into erp_dev.`base_currency` (`id`,`base_currency`) values('12','BBD');
insert into erp_dev.`base_currency` (`id`,`base_currency`) values('13','BDT');
insert into erp_dev.`base_currency` (`id`,`base_currency`) values('14','BGN');
insert into erp_dev.`base_currency` (`id`,`base_currency`) values('15','BHD');
insert into erp_dev.`base_currency` (`id`,`base_currency`) values('16','BIF');
insert into erp_dev.`base_currency` (`id`,`base_currency`) values('17','BMD');
insert into erp_dev.`base_currency` (`id`,`base_currency`) values('18','BND');
insert into erp_dev.`base_currency` (`id`,`base_currency`) values('19','BOB');
insert into erp_dev.`base_currency` (`id`,`base_currency`) values('20','BRL');
insert into erp_dev.`base_currency` (`id`,`base_currency`) values('21','BSD');
insert into erp_dev.`base_currency` (`id`,`base_currency`) values('22','BTC');
insert into erp_dev.`base_currency` (`id`,`base_currency`) values('23','BTN');
insert into erp_dev.`base_currency` (`id`,`base_currency`) values('24','BWP');
insert into erp_dev.`base_currency` (`id`,`base_currency`) values('25','BYR');
insert into erp_dev.`base_currency` (`id`,`base_currency`) values('26','BZD');
insert into erp_dev.`base_currency` (`id`,`base_currency`) values('27','CAD');
insert into erp_dev.`base_currency` (`id`,`base_currency`) values('28','CDF');
insert into erp_dev.`base_currency` (`id`,`base_currency`) values('29','CHF');
insert into erp_dev.`base_currency` (`id`,`base_currency`) values('30','CLF');
insert into erp_dev.`base_currency` (`id`,`base_currency`) values('31','CLP');
insert into erp_dev.`base_currency` (`id`,`base_currency`) values('32','CNY');
insert into erp_dev.`base_currency` (`id`,`base_currency`) values('33','COP');
insert into erp_dev.`base_currency` (`id`,`base_currency`) values('34','CRC');
insert into erp_dev.`base_currency` (`id`,`base_currency`) values('35','CUC');
insert into erp_dev.`base_currency` (`id`,`base_currency`) values('36','CUP');
insert into erp_dev.`base_currency` (`id`,`base_currency`) values('37','CVE');
insert into erp_dev.`base_currency` (`id`,`base_currency`) values('38','CZK');
insert into erp_dev.`base_currency` (`id`,`base_currency`) values('39','DJF');
insert into erp_dev.`base_currency` (`id`,`base_currency`) values('40','DKK');
insert into erp_dev.`base_currency` (`id`,`base_currency`) values('41','DOP');
insert into erp_dev.`base_currency` (`id`,`base_currency`) values('42','DZD');
insert into erp_dev.`base_currency` (`id`,`base_currency`) values('43','EEK');
insert into erp_dev.`base_currency` (`id`,`base_currency`) values('44','EGP');
insert into erp_dev.`base_currency` (`id`,`base_currency`) values('45','ERN');
insert into erp_dev.`base_currency` (`id`,`base_currency`) values('46','ETB');
insert into erp_dev.`base_currency` (`id`,`base_currency`) values('47','EUR');
insert into erp_dev.`base_currency` (`id`,`base_currency`) values('48','FJD');
insert into erp_dev.`base_currency` (`id`,`base_currency`) values('49','FKP');
insert into erp_dev.`base_currency` (`id`,`base_currency`) values('50','GBP');
insert into erp_dev.`base_currency` (`id`,`base_currency`) values('51','GEL');
insert into erp_dev.`base_currency` (`id`,`base_currency`) values('52','GGP');
insert into erp_dev.`base_currency` (`id`,`base_currency`) values('53','GHS');
insert into erp_dev.`base_currency` (`id`,`base_currency`) values('54','GIP');
insert into erp_dev.`base_currency` (`id`,`base_currency`) values('55','GMD');
insert into erp_dev.`base_currency` (`id`,`base_currency`) values('56','GNF');
insert into erp_dev.`base_currency` (`id`,`base_currency`) values('57','GTQ');
insert into erp_dev.`base_currency` (`id`,`base_currency`) values('58','GYD');
insert into erp_dev.`base_currency` (`id`,`base_currency`) values('59','HKD');
insert into erp_dev.`base_currency` (`id`,`base_currency`) values('60','HNL');
insert into erp_dev.`base_currency` (`id`,`base_currency`) values('61','HRK');
insert into erp_dev.`base_currency` (`id`,`base_currency`) values('62','HTG');
insert into erp_dev.`base_currency` (`id`,`base_currency`) values('63','HUF');
insert into erp_dev.`base_currency` (`id`,`base_currency`) values('64','IDR');
insert into erp_dev.`base_currency` (`id`,`base_currency`) values('65','ILS');
insert into erp_dev.`base_currency` (`id`,`base_currency`) values('66','IMP');
insert into erp_dev.`base_currency` (`id`,`base_currency`) values('67','INR');
insert into erp_dev.`base_currency` (`id`,`base_currency`) values('68','IQD');
insert into erp_dev.`base_currency` (`id`,`base_currency`) values('69','IRR');
insert into erp_dev.`base_currency` (`id`,`base_currency`) values('70','ISK');
insert into erp_dev.`base_currency` (`id`,`base_currency`) values('71','JEP');
insert into erp_dev.`base_currency` (`id`,`base_currency`) values('72','JMD');
insert into erp_dev.`base_currency` (`id`,`base_currency`) values('73','JOD');
insert into erp_dev.`base_currency` (`id`,`base_currency`) values('74','JPY');
insert into erp_dev.`base_currency` (`id`,`base_currency`) values('75','KES');
insert into erp_dev.`base_currency` (`id`,`base_currency`) values('76','KGS');
insert into erp_dev.`base_currency` (`id`,`base_currency`) values('77','KHR');
insert into erp_dev.`base_currency` (`id`,`base_currency`) values('78','KMF');
insert into erp_dev.`base_currency` (`id`,`base_currency`) values('79','KPW');
insert into erp_dev.`base_currency` (`id`,`base_currency`) values('80','KRW');
insert into erp_dev.`base_currency` (`id`,`base_currency`) values('81','KWD');
insert into erp_dev.`base_currency` (`id`,`base_currency`) values('82','KYD');
insert into erp_dev.`base_currency` (`id`,`base_currency`) values('83','KZT');
insert into erp_dev.`base_currency` (`id`,`base_currency`) values('84','LAK');
insert into erp_dev.`base_currency` (`id`,`base_currency`) values('85','LBP');
insert into erp_dev.`base_currency` (`id`,`base_currency`) values('86','LKR');
insert into erp_dev.`base_currency` (`id`,`base_currency`) values('87','LRD');
insert into erp_dev.`base_currency` (`id`,`base_currency`) values('88','LSL');
insert into erp_dev.`base_currency` (`id`,`base_currency`) values('89','LTL');
insert into erp_dev.`base_currency` (`id`,`base_currency`) values('90','LVL');
insert into erp_dev.`base_currency` (`id`,`base_currency`) values('91','LYD');
insert into erp_dev.`base_currency` (`id`,`base_currency`) values('92','MAD');
insert into erp_dev.`base_currency` (`id`,`base_currency`) values('93','MDL');
insert into erp_dev.`base_currency` (`id`,`base_currency`) values('94','MGA');
insert into erp_dev.`base_currency` (`id`,`base_currency`) values('95','MKD');
insert into erp_dev.`base_currency` (`id`,`base_currency`) values('96','MMK');
insert into erp_dev.`base_currency` (`id`,`base_currency`) values('97','MNT');
insert into erp_dev.`base_currency` (`id`,`base_currency`) values('98','MOP');
insert into erp_dev.`base_currency` (`id`,`base_currency`) values('99','MRO');
insert into erp_dev.`base_currency` (`id`,`base_currency`) values('100','MUR');
insert into erp_dev.`base_currency` (`id`,`base_currency`) values('101','MVR');
insert into erp_dev.`base_currency` (`id`,`base_currency`) values('102','MWK');
insert into erp_dev.`base_currency` (`id`,`base_currency`) values('103','MXN');
insert into erp_dev.`base_currency` (`id`,`base_currency`) values('104','MYR');
insert into erp_dev.`base_currency` (`id`,`base_currency`) values('105','MZN');
insert into erp_dev.`base_currency` (`id`,`base_currency`) values('106','NAD');
insert into erp_dev.`base_currency` (`id`,`base_currency`) values('107','NGN');
insert into erp_dev.`base_currency` (`id`,`base_currency`) values('108','NIO');
insert into erp_dev.`base_currency` (`id`,`base_currency`) values('109','NOK');
insert into erp_dev.`base_currency` (`id`,`base_currency`) values('110','NPR');
insert into erp_dev.`base_currency` (`id`,`base_currency`) values('111','NZD');
insert into erp_dev.`base_currency` (`id`,`base_currency`) values('112','OMR');
insert into erp_dev.`base_currency` (`id`,`base_currency`) values('113','PAB');
insert into erp_dev.`base_currency` (`id`,`base_currency`) values('114','PEN');
insert into erp_dev.`base_currency` (`id`,`base_currency`) values('115','PGK');
insert into erp_dev.`base_currency` (`id`,`base_currency`) values('116','PHP');
insert into erp_dev.`base_currency` (`id`,`base_currency`) values('117','PKR');
insert into erp_dev.`base_currency` (`id`,`base_currency`) values('118','PLN');
insert into erp_dev.`base_currency` (`id`,`base_currency`) values('119','PYG');
insert into erp_dev.`base_currency` (`id`,`base_currency`) values('120','QAR');
insert into erp_dev.`base_currency` (`id`,`base_currency`) values('121','RON');
insert into erp_dev.`base_currency` (`id`,`base_currency`) values('122','RSD');
insert into erp_dev.`base_currency` (`id`,`base_currency`) values('123','RUB');
insert into erp_dev.`base_currency` (`id`,`base_currency`) values('124','RWF');
insert into erp_dev.`base_currency` (`id`,`base_currency`) values('125','SAR');
insert into erp_dev.`base_currency` (`id`,`base_currency`) values('126','SBD');
insert into erp_dev.`base_currency` (`id`,`base_currency`) values('127','SCR');
insert into erp_dev.`base_currency` (`id`,`base_currency`) values('128','SDG');
insert into erp_dev.`base_currency` (`id`,`base_currency`) values('129','SEK');
insert into erp_dev.`base_currency` (`id`,`base_currency`) values('130','SGD');
insert into erp_dev.`base_currency` (`id`,`base_currency`) values('131','SHP');
insert into erp_dev.`base_currency` (`id`,`base_currency`) values('132','SLL');
insert into erp_dev.`base_currency` (`id`,`base_currency`) values('133','SOS');
insert into erp_dev.`base_currency` (`id`,`base_currency`) values('134','SRD');
insert into erp_dev.`base_currency` (`id`,`base_currency`) values('135','STD');
insert into erp_dev.`base_currency` (`id`,`base_currency`) values('136','SVC');
insert into erp_dev.`base_currency` (`id`,`base_currency`) values('137','SYP');
insert into erp_dev.`base_currency` (`id`,`base_currency`) values('138','SZL');
insert into erp_dev.`base_currency` (`id`,`base_currency`) values('139','THB');
insert into erp_dev.`base_currency` (`id`,`base_currency`) values('140','TJS');
insert into erp_dev.`base_currency` (`id`,`base_currency`) values('141','TMT');
insert into erp_dev.`base_currency` (`id`,`base_currency`) values('142','TND');
insert into erp_dev.`base_currency` (`id`,`base_currency`) values('143','TOP');
insert into erp_dev.`base_currency` (`id`,`base_currency`) values('144','TRY');
insert into erp_dev.`base_currency` (`id`,`base_currency`) values('145','TTD');
insert into erp_dev.`base_currency` (`id`,`base_currency`) values('146','TWD');
insert into erp_dev.`base_currency` (`id`,`base_currency`) values('147','TZS');
insert into erp_dev.`base_currency` (`id`,`base_currency`) values('148','UAH');
insert into erp_dev.`base_currency` (`id`,`base_currency`) values('149','UGX');
insert into erp_dev.`base_currency` (`id`,`base_currency`) values('150','USD');
insert into erp_dev.`base_currency` (`id`,`base_currency`) values('151','UYU');
insert into erp_dev.`base_currency` (`id`,`base_currency`) values('152','UZS');
insert into erp_dev.`base_currency` (`id`,`base_currency`) values('153','VEF');
insert into erp_dev.`base_currency` (`id`,`base_currency`) values('154','VND');
insert into erp_dev.`base_currency` (`id`,`base_currency`) values('155','VUV');
insert into erp_dev.`base_currency` (`id`,`base_currency`) values('156','WST');
insert into erp_dev.`base_currency` (`id`,`base_currency`) values('157','XAF');
insert into erp_dev.`base_currency` (`id`,`base_currency`) values('158','XAG');
insert into erp_dev.`base_currency` (`id`,`base_currency`) values('159','XAU');
insert into erp_dev.`base_currency` (`id`,`base_currency`) values('160','XCD');
insert into erp_dev.`base_currency` (`id`,`base_currency`) values('161','XDR');
insert into erp_dev.`base_currency` (`id`,`base_currency`) values('162','XOF');
insert into erp_dev.`base_currency` (`id`,`base_currency`) values('163','XPF');
insert into erp_dev.`base_currency` (`id`,`base_currency`) values('164','YER');
insert into erp_dev.`base_currency` (`id`,`base_currency`) values('165','ZAR');
insert into erp_dev.`base_currency` (`id`,`base_currency`) values('166','ZMK');
insert into erp_dev.`base_currency` (`id`,`base_currency`) values('167','ZMW');
insert into erp_dev.`base_currency` (`id`,`base_currency`) values('168','ZWL');
INSERT INTO erp_dev.company_status(id , STATUS) VALUES(1,'Active');
INSERT INTO erp_dev.company_status(id , STATUS) VALUES(2,'Expired');
INSERT INTO `erp_dev`.`ledger_account_type` (id,`type`) VALUES (1,'Current Asset');
INSERT INTO `erp_dev`.`ledger_account_type` (id,`type`) VALUES (2,'Non-Current Asset');
INSERT INTO `erp_dev`.`ledger_account_type` (id,`type`) VALUES (3,'Current Liability');
INSERT INTO `erp_dev`.`ledger_account_type` (id,`type`) VALUES (4,'Non-Current Liability');
INSERT INTO `erp_dev`.`ledger_account_type` (id,`type`) VALUES (5,'Direct Expense');
INSERT INTO `erp_dev`.`ledger_account_type` (id,`type`) VALUES (6,'Indirect Expense');
INSERT INTO `erp_dev`.`ledger_account_type` (id,`type`) VALUES (7,'Direct Income');
INSERT INTO `erp_dev`.`ledger_account_type` (id,`type`) VALUES (8,'Indirect Income');
INSERT INTO `erp_dev`.`ledger_account_type` (id,`type`) VALUES (9,'Equity');
INSERT INTO `erp_dev`.`ledger_account_type` (id,`type`) VALUES (10,'Fixed Asset');
INSERT INTO `erp_dev`.`ledger_account_type` (id,`type`) VALUES (11,'Intangible Asset');
INSERT INTO `erp_dev`.`ledger_group` (id,is_editable,is_initial,group_name,accountType_id) VALUES (1,0,1,'Direct Expense',5);
INSERT INTO `erp_dev`.`ledger_group` (id,is_editable,is_initial,group_name,accountType_id) VALUES (2,0,1,'Direct Income',7);
INSERT INTO `erp_dev`.`ledger_group` (id,is_editable,is_initial,group_name,accountType_id) VALUES (3,0,1,'Indirect Expense',6);
INSERT INTO `erp_dev`.`ledger_group` (id,is_editable,is_initial,group_name,accountType_id) VALUES (4,0,1,'Indirect Income',8);
INSERT INTO `erp_dev`.`ledger_group` (id,is_editable,is_initial,group_name,accountType_id) VALUES (5,0,1,'Current Asset',1);
INSERT INTO `erp_dev`.`ledger_group` (id,is_editable,is_initial,group_name,accountType_id) VALUES (6,0,1,'Non-Current Asset',2);
INSERT INTO `erp_dev`.`ledger_group` (id,is_editable,is_initial,group_name,accountType_id) VALUES (7,0,1,'Current Liability',3);
INSERT INTO `erp_dev`.`ledger_group` (id,is_editable,is_initial,group_name,accountType_id) VALUES (8,0,1,'Non-Current Liability',4);
INSERT INTO `erp_dev`.`ledger_group` (id,is_editable,is_initial,group_name,accountType_id) VALUES (9,0,1,'Salary',6);
INSERT INTO `erp_dev`.`ledger_group` (id,is_editable,is_initial,group_name,accountType_id) VALUES (10,0,1,'Cash At Bank',1);
INSERT INTO `erp_dev`.`ledger_group` (id,is_editable,is_initial,group_name,accountType_id) VALUES (11,0,1,'Capital',9);
INSERT INTO `erp_dev`.`ledger_group` (id,is_editable,is_initial,group_name,accountType_id) VALUES (12,0,1,'Fixed Asset',10);
INSERT INTO `erp_dev`.`ledger_group` (id,is_editable,is_initial,group_name,accountType_id) VALUES (13,0,1,'Intangible Asset',11);
INSERT INTO `erp_dev`.`ledger_group` (id,is_editable,is_initial,group_name,accountType_id) VALUES (14,0,1,'Duties and Taxes',3);
INSERT INTO `erp_dev`.`ledger_group` (id,is_editable,is_initial,group_name,accountType_id) VALUES (15,0,1,'Sundry Creditor',3);
INSERT INTO `erp_dev`.`ledger_group` (id,is_editable,is_initial,group_name,accountType_id) VALUES (16,0,1,'Purchase',5);
INSERT INTO `erp_dev`.`ledger_group` (id,is_editable,is_initial,group_name,accountType_id) VALUES (17,0,1,'Sales',7);
INSERT INTO `erp_dev`.`ledger_group` (id,is_editable,is_initial,group_name,accountType_id) VALUES (18,0,1,'Misc Expense',6);
INSERT INTO `erp_dev`.`ledger_group` (id,is_editable,is_initial,group_name,accountType_id) VALUES (19,0,1,'Cash In Hand',1);
INSERT INTO `erp_dev`.`ledger_group` (id,is_editable,is_initial,group_name,accountType_id) VALUES (20,0,1,'Stock In Hand',1);
INSERT INTO `erp_dev`.`ledger_group` (id,is_editable,is_initial,group_name,accountType_id) VALUES (21,0,1,'Bank Account',1);
INSERT INTO `erp_dev`.`ledger_group` (id,is_editable,is_initial,group_name,accountType_id) VALUES (22,0,1,'Sundry Debtor',1);
INSERT INTO `erp_dev`.`ledger` (id,is_editable,is_initial,`ledger_name`,opening_balance,balance,start_date,ledgerGroup_id) VALUES (1,0,1,'Purchase',0.00,0.00,'2016-02-08 00:00:00',16);
INSERT INTO `erp_dev`.`ledger` (id,is_editable,is_initial,`ledger_name`,opening_balance,balance,start_date,ledgerGroup_id) VALUES (2,0,1,'Purchase Return',0.00,0.00,'2016-02-08 00:00:00',16);
INSERT INTO `erp_dev`.`ledger` (id,is_editable,is_initial,`ledger_name`,opening_balance,balance,start_date,ledgerGroup_id) VALUES (3,0,1,'Carriage Inwards',0.00,0.00,'2016-02-08 00:00:00',1);
INSERT INTO `erp_dev`.`ledger` (id,is_editable,is_initial,`ledger_name`,opening_balance,balance,start_date,ledgerGroup_id) VALUES (4,0,1,'Factory Lighting',0.00,0.00,'2016-02-08 00:00:00',1);
INSERT INTO `erp_dev`.`ledger` (id,is_editable,is_initial,`ledger_name`,opening_balance,balance,start_date,ledgerGroup_id) VALUES (5,0,1,'Freight & Cartage',0.00,0.00,'2016-02-08 00:00:00',1);
INSERT INTO `erp_dev`.`ledger` (id,is_editable,is_initial,`ledger_name`,opening_balance,balance,start_date,ledgerGroup_id) VALUES (6,0,1,'Import Duty',0.00,0.00,'2016-02-08 00:00:00',1);
INSERT INTO `erp_dev`.`ledger` (id,is_editable,is_initial,`ledger_name`,opening_balance,balance,start_date,ledgerGroup_id) VALUES (7,0,1,'Rent',0.00,0.00,'2016-02-08 00:00:00',1);
INSERT INTO `erp_dev`.`ledger` (id,is_editable,is_initial,`ledger_name`,opening_balance,balance,start_date,ledgerGroup_id) VALUES (8,0,1,'Royality',0.00,0.00,'2016-02-08 00:00:00',1);
INSERT INTO `erp_dev`.`ledger` (id,is_editable,is_initial,`ledger_name`,opening_balance,balance,start_date,ledgerGroup_id) VALUES (9,0,1,'Wages',0.00,0.00,'2016-02-08 00:00:00',1);
INSERT INTO `erp_dev`.`ledger` (id,is_editable,is_initial,`ledger_name`,opening_balance,balance,start_date,ledgerGroup_id) VALUES (10,0,1,'Sales Return',0.00,0.00,'2016-02-08 00:00:00',17);
INSERT INTO `erp_dev`.`ledger` (id,is_editable,is_initial,`ledger_name`,opening_balance,balance,start_date,ledgerGroup_id) VALUES (11,0,1,'Sales',0.00,0.00,'2016-02-08 00:00:00',17);
INSERT INTO `erp_dev`.`ledger` (id,is_editable,is_initial,`ledger_name`,opening_balance,balance,start_date,ledgerGroup_id) VALUES (12,0,1,'Advertisement',0.00,0.00,'2016-02-08 00:00:00',3);
INSERT INTO `erp_dev`.`ledger` (id,is_editable,is_initial,`ledger_name`,opening_balance,balance,start_date,ledgerGroup_id) VALUES (13,0,1,'Bank Charges',0.00,0.00,'2016-02-08 00:00:00',3);
INSERT INTO `erp_dev`.`ledger` (id,is_editable,is_initial,`ledger_name`,opening_balance,balance,start_date,ledgerGroup_id) VALUES (14,0,1,'Bill Drawn',0.00,0.00,'2016-02-08 00:00:00',3);
INSERT INTO `erp_dev`.`ledger` (id,is_editable,is_initial,`ledger_name`,opening_balance,balance,start_date,ledgerGroup_id) VALUES (15,0,1,'Carriage Outwards',0.00,0.00,'2016-02-08 00:00:00',3);
INSERT INTO `erp_dev`.`ledger` (id,is_editable,is_initial,`ledger_name`,opening_balance,balance,start_date,ledgerGroup_id) VALUES (16,0,1,'Commission Allowed',0.00,0.00,'2016-02-08 00:00:00',3);
INSERT INTO `erp_dev`.`ledger` (id,is_editable,is_initial,`ledger_name`,opening_balance,balance,start_date,ledgerGroup_id) VALUES (17,0,1,'Discount Allowed',0.00,0.00,'2016-02-08 00:00:00',3);
INSERT INTO `erp_dev`.`ledger` (id,is_editable,is_initial,`ledger_name`,opening_balance,balance,start_date,ledgerGroup_id) VALUES (18,0,1,'Donation & Charity',0.00,0.00,'2016-02-08 00:00:00',3);
INSERT INTO `erp_dev`.`ledger` (id,is_editable,is_initial,`ledger_name`,opening_balance,balance,start_date,ledgerGroup_id) VALUES (19,0,1,'Free Sample',0.00,0.00,'2016-02-08 00:00:00',3);
INSERT INTO `erp_dev`.`ledger` (id,is_editable,is_initial,`ledger_name`,opening_balance,balance,start_date,ledgerGroup_id) VALUES (20,0,1,'Insurance Premium',0.00,0.00,'2016-02-08 00:00:00',3);
INSERT INTO `erp_dev`.`ledger` (id,is_editable,is_initial,`ledger_name`,opening_balance,balance,start_date,ledgerGroup_id) VALUES (21,0,1,'Interest on Loan',0.00,0.00,'2016-02-08 00:00:00',3);
INSERT INTO `erp_dev`.`ledger` (id,is_editable,is_initial,`ledger_name`,opening_balance,balance,start_date,ledgerGroup_id) VALUES (22,0,1,'Legal Charge',0.00,0.00,'2016-02-08 00:00:00',3);
INSERT INTO `erp_dev`.`ledger` (id,is_editable,is_initial,`ledger_name`,opening_balance,balance,start_date,ledgerGroup_id) VALUES (23,0,1,'Loss By Fire',0.00,0.00,'2016-02-08 00:00:00',3);
INSERT INTO `erp_dev`.`ledger` (id,is_editable,is_initial,`ledger_name`,opening_balance,balance,start_date,ledgerGroup_id) VALUES (24,0,1,'Office Lighting',0.00,0.00,'2016-02-08 00:00:00',3);
INSERT INTO `erp_dev`.`ledger` (id,is_editable,is_initial,`ledger_name`,opening_balance,balance,start_date,ledgerGroup_id) VALUES (25,0,1,'Petty Cashier',0.00,0.00,'2016-02-08 00:00:00',3);
INSERT INTO `erp_dev`.`ledger` (id,is_editable,is_initial,`ledger_name`,opening_balance,balance,start_date,ledgerGroup_id) VALUES (26,0,1,'Postage & Courier',0.00,0.00,'2016-02-08 00:00:00',3);
INSERT INTO `erp_dev`.`ledger` (id,is_editable,is_initial,`ledger_name`,opening_balance,balance,start_date,ledgerGroup_id) VALUES (27,0,1,'Printing & Stationary',0.00,0.00,'2016-02-08 00:00:00',3);
INSERT INTO `erp_dev`.`ledger` (id,is_editable,is_initial,`ledger_name`,opening_balance,balance,start_date,ledgerGroup_id) VALUES (28,0,1,'Rent CR',0.00,0.00,'2016-02-08 00:00:00',3);
INSERT INTO `erp_dev`.`ledger` (id,is_editable,is_initial,`ledger_name`,opening_balance,balance,start_date,ledgerGroup_id) VALUES (29,0,1,'Repair Charge',0.00,0.00,'2016-02-08 00:00:00',3);
INSERT INTO `erp_dev`.`ledger` (id,is_editable,is_initial,`ledger_name`,opening_balance,balance,start_date,ledgerGroup_id) VALUES (30,0,1,'Salary',0.00,0.00,'2016-02-08 00:00:00',3);
INSERT INTO `erp_dev`.`ledger` (id,is_editable,is_initial,`ledger_name`,opening_balance,balance,start_date,ledgerGroup_id) VALUES (31,0,1,'Sale Tax',0.00,0.00,'2016-02-08 00:00:00',3);
INSERT INTO `erp_dev`.`ledger` (id,is_editable,is_initial,`ledger_name`,opening_balance,balance,start_date,ledgerGroup_id) VALUES (32,0,1,'Depreciation',0.00,0.00,'2016-02-08 00:00:00',3);
INSERT INTO `erp_dev`.`ledger` (id,is_editable,is_initial,`ledger_name`,opening_balance,balance,start_date,ledgerGroup_id) VALUES (33,0,1,'Taxi Fare',0.00,0.00,'2016-02-08 00:00:00',3);
INSERT INTO `erp_dev`.`ledger` (id,is_editable,is_initial,`ledger_name`,opening_balance,balance,start_date,ledgerGroup_id) VALUES (34,0,1,'Telephone Charge',0.00,0.00,'2016-02-08 00:00:00',3);
INSERT INTO `erp_dev`.`ledger` (id,is_editable,is_initial,`ledger_name`,opening_balance,balance,start_date,ledgerGroup_id) VALUES (35,0,1,'Trade Account',0.00,0.00,'2016-02-08 00:00:00',3);
INSERT INTO `erp_dev`.`ledger` (id,is_editable,is_initial,`ledger_name`,opening_balance,balance,start_date,ledgerGroup_id) VALUES (36,0,1,'Travelling Expense',0.00,0.00,'2016-02-08 00:00:00',3);
INSERT INTO `erp_dev`.`ledger` (id,is_editable,is_initial,`ledger_name`,opening_balance,balance,start_date,ledgerGroup_id) VALUES (37,0,1,'Misc Expense',0.00,0.00,'2016-02-08 00:00:00',18);
INSERT INTO `erp_dev`.`ledger` (id,is_editable,is_initial,`ledger_name`,opening_balance,balance,start_date,ledgerGroup_id) VALUES (38,0,1,'Bad  Debtor',0.00,0.00,'2016-02-08 00:00:00',22);
INSERT INTO `erp_dev`.`ledger` (id,is_editable,is_initial,`ledger_name`,opening_balance,balance,start_date,ledgerGroup_id) VALUES (39,0,1,'Bad Debtor',0.00,0.00,'2016-02-08 00:00:00',4);
INSERT INTO `erp_dev`.`ledger` (id,is_editable,is_initial,`ledger_name`,opening_balance,balance,start_date,ledgerGroup_id) VALUES (40,0,1,'Commission Received',0.00,0.00,'2016-02-08 00:00:00',4);
INSERT INTO `erp_dev`.`ledger` (id,is_editable,is_initial,`ledger_name`,opening_balance,balance,start_date,ledgerGroup_id) VALUES (41,0,1,'Discount Received',0.00,0.00,'2016-02-08 00:00:00',4);
INSERT INTO `erp_dev`.`ledger` (id,is_editable,is_initial,`ledger_name`,opening_balance,balance,start_date,ledgerGroup_id) VALUES (42,0,1,'Interest On Drawings',0.00,0.00,'2016-02-08 00:00:00',4);
INSERT INTO `erp_dev`.`ledger` (id,is_editable,is_initial,`ledger_name`,opening_balance,balance,start_date,ledgerGroup_id) VALUES (43,0,1,'Interest On Investment',0.00,0.00,'2016-02-08 00:00:00',4);
INSERT INTO `erp_dev`.`ledger` (id,is_editable,is_initial,`ledger_name`,opening_balance,balance,start_date,ledgerGroup_id) VALUES (44,0,1,'Capital',0.00,0.00,'2016-02-08 00:00:00',11);
INSERT INTO `erp_dev`.`ledger` (id,is_editable,is_initial,`ledger_name`,opening_balance,balance,start_date,ledgerGroup_id) VALUES (45,0,1,'Drawings',0.00,0.00,'2016-02-08 00:00:00',11);
INSERT INTO `erp_dev`.`ledger` (id,is_editable,is_initial,`ledger_name`,opening_balance,balance,start_date,ledgerGroup_id) VALUES (46,0,1,'Income Tax',0.00,0.00,'2016-02-08 00:00:00',11);
INSERT INTO `erp_dev`.`ledger` (id,is_editable,is_initial,`ledger_name`,opening_balance,balance,start_date,ledgerGroup_id) VALUES (47,0,1,'Life Insurance',0.00,0.00,'2016-02-08 00:00:00',11);
INSERT INTO `erp_dev`.`ledger` (id,is_editable,is_initial,`ledger_name`,opening_balance,balance,start_date,ledgerGroup_id) VALUES (48,0,1,'Advance',0.00,0.00,'2016-02-08 00:00:00',7);
INSERT INTO `erp_dev`.`ledger` (id,is_editable,is_initial,`ledger_name`,opening_balance,balance,start_date,ledgerGroup_id) VALUES (49,0,1,'Bank Overdraft',0.00,0.00,'2016-02-08 00:00:00',7);
INSERT INTO `erp_dev`.`ledger` (id,is_editable,is_initial,`ledger_name`,opening_balance,balance,start_date,ledgerGroup_id) VALUES (50,0,1,'Bill Payable',0.00,0.00,'2016-02-08 00:00:00',7);
INSERT INTO `erp_dev`.`ledger` (id,is_editable,is_initial,`ledger_name`,opening_balance,balance,start_date,ledgerGroup_id) VALUES (51,0,1,'Outstanding Expenses',0.00,0.00,'2016-02-08 00:00:00',7);
INSERT INTO `erp_dev`.`ledger` (id,is_editable,is_initial,`ledger_name`,opening_balance,balance,start_date,ledgerGroup_id) VALUES (52,0,1,'Salary Payable',0.00,0.00,'2016-02-08 00:00:00',7);
INSERT INTO `erp_dev`.`ledger` (id,is_editable,is_initial,`ledger_name`,opening_balance,balance,start_date,ledgerGroup_id) VALUES (53,0,1,'Accrued Expense',0.00,0.00,'2016-02-08 00:00:00',7);
INSERT INTO `erp_dev`.`ledger` (id,is_editable,is_initial,`ledger_name`,opening_balance,balance,start_date,ledgerGroup_id) VALUES (54,0,1,'Furniture',0.00,0.00,'2016-02-08 00:00:00',12);
INSERT INTO `erp_dev`.`ledger` (id,is_editable,is_initial,`ledger_name`,opening_balance,balance,start_date,ledgerGroup_id) VALUES (55,0,1,'Goods',0.00,0.00,'2016-02-08 00:00:00',12);
INSERT INTO `erp_dev`.`ledger` (id,is_editable,is_initial,`ledger_name`,opening_balance,balance,start_date,ledgerGroup_id) VALUES (56,0,1,'Land & Building',0.00,0.00,'2016-02-08 00:00:00',12);
INSERT INTO `erp_dev`.`ledger` (id,is_editable,is_initial,`ledger_name`,opening_balance,balance,start_date,ledgerGroup_id) VALUES (57,0,1,'Long Term Investment',0.00,0.00,'2016-02-08 00:00:00',12);
INSERT INTO `erp_dev`.`ledger` (id,is_editable,is_initial,`ledger_name`,opening_balance,balance,start_date,ledgerGroup_id) VALUES (58,0,1,'Machinery & Plant',0.00,0.00,'2016-02-08 00:00:00',12);
INSERT INTO `erp_dev`.`ledger` (id,is_editable,is_initial,`ledger_name`,opening_balance,balance,start_date,ledgerGroup_id) VALUES (59,0,1,'Bank',0.00,0.00,'2016-02-08 00:00:00',10);
INSERT INTO `erp_dev`.`ledger` (id,is_editable,is_initial,`ledger_name`,opening_balance,balance,start_date,ledgerGroup_id) VALUES (60,0,1,'Cash',0.00,0.00,'2016-02-08 00:00:00',19);
INSERT INTO `erp_dev`.`ledger` (id,is_editable,is_initial,`ledger_name`,opening_balance,balance,start_date,ledgerGroup_id) VALUES (61,0,1,'Stock',0.00,0.00,'2016-02-08 00:00:00',20);
INSERT INTO `erp_dev`.`ledger` (id,is_editable,is_initial,`ledger_name`,opening_balance,balance,start_date,ledgerGroup_id) VALUES (62,0,1,'Bill Receivable',0.00,0.00,'2016-02-08 00:00:00',5);
INSERT INTO `erp_dev`.`ledger` (id,is_editable,is_initial,`ledger_name`,opening_balance,balance,start_date,ledgerGroup_id) VALUES (63,0,1,'National Plant',0.00,0.00,'2016-02-08 00:00:00',5);
INSERT INTO `erp_dev`.`ledger` (id,is_editable,is_initial,`ledger_name`,opening_balance,balance,start_date,ledgerGroup_id) VALUES (64,0,1,'Prepaid Expense',0.00,0.00,'2016-02-08 00:00:00',5);
INSERT INTO `erp_dev`.`ledger` (id,is_editable,is_initial,`ledger_name`,opening_balance,balance,start_date,ledgerGroup_id) VALUES (65,0,1,'Short Term Investment',0.00,0.00,'2016-02-08 00:00:00',5);
INSERT INTO `erp_dev`.`ledger` (id,is_editable,is_initial,`ledger_name`,opening_balance,balance,start_date,ledgerGroup_id) VALUES (66,0,1,'Loss & Theft',0.00,0.00,'2016-02-08 00:00:00',20);
INSERT INTO `erp_dev`.`ledger` (id,is_editable,is_initial,`ledger_name`,opening_balance,balance,start_date,ledgerGroup_id) VALUES (67,0,1,'Accrued Income',0.00,0.00,'2016-02-08 00:00:00',5);
INSERT INTO `erp_dev`.`ledger` (id,is_editable,is_initial,`ledger_name`,opening_balance,balance,start_date,ledgerGroup_id) VALUES (68,0,1,'Reserve & Surplus',0.00,0.00,'2016-02-08 00:00:00',11);
INSERT INTO `erp_dev`.`ledger` (id,is_editable,is_initial,`ledger_name`,opening_balance,balance,start_date,ledgerGroup_id) VALUES (69,0,1,'Good Will',0.00,0.00,'2016-02-08 00:00:00',5);
INSERT INTO `erp_dev`.`ledger` (id,is_editable,is_initial,`ledger_name`,opening_balance,balance,start_date,ledgerGroup_id) VALUES (70,0,1,'Tax Payable',0.00,0.00,'2016-02-08 00:00:00',7);
INSERT INTO `erp_dev`.`ledger` (id,is_editable,is_initial,`ledger_name`,opening_balance,balance,start_date,ledgerGroup_id) VALUES (71,0,1,'Tax Receivable',0.00,0.00,'2016-02-08 00:00:00',5);
INSERT INTO `erp_dev`.`number_property` (id,category,prefix,number) VALUE(1,'EMPLOYEECODE','EMP-',2);
INSERT INTO `erp_dev`.`number_property` (id,category,prefix,number) VALUE(2,'PAYMENT','PY-',1);
INSERT INTO `erp_dev`.`number_property` (id,category,prefix,number) VALUE(3,'JOURNAL','JR-',1);
INSERT INTO `erp_dev`.`number_property` (id,category,prefix,number) VALUE(4,'CONTRA','CR-',1);
INSERT INTO `erp_dev`.`number_property` (id,category,prefix,number) VALUE(5,'RECEIPT','RC-',1);
INSERT INTO `erp_dev`.`number_property` (id,category,prefix,number) VALUE(6,'VENDOR','VEND-',1);
INSERT INTO `erp_dev`.`number_property` (id,category,prefix,number) VALUE(7,'LEAD','LD-',1);
INSERT INTO `erp_dev`.`number_property` (id,category,prefix,number) VALUE(8,'CUSTOMER','CUSD-',1);
INSERT INTO `erp_dev`.`number_property` (id,category,prefix,number) VALUE(10,'BILL','BL-',1);
INSERT INTO `erp_dev`.`number_property` (id,category,prefix,number) VALUE(11,'VENDOR_QUOTE','VQT-',1);
INSERT INTO `erp_dev`.`number_property` (id,category,prefix,number) VALUE(12,'PURCHASE_ORDER','PO-',1);
INSERT INTO `erp_dev`.`number_property` (id,category,prefix,number) VALUE(13,'PURCHASE_RETURN','PRN-',1);
INSERT INTO `erp_dev`.`number_property` (id,category,prefix,number) VALUE(14,'VENDOR_CREDIT_MEMO','VCM-',1);
INSERT INTO `erp_dev`.`number_property` (id,category,prefix,number) VALUE(15,'BILL_PAYMENT','BPMT-',1);
INSERT INTO `erp_dev`.`number_property` (id,category,prefix,number) VALUE(16,'CUSTOMER_QUOTE','CSQT-',1);
INSERT INTO `erp_dev`.`number_property` (id,category,prefix,number) VALUE(17,'SALES_ORDER','SO-',1);
INSERT INTO `erp_dev`.`number_property` (id,category,prefix,number) VALUE(18,'INVOICE','INV-',1);
INSERT INTO `erp_dev`.`number_property` (id,category,prefix,number) VALUE(19,'CUSTOMER_CREDIT_MEMO','CCM-',1);
INSERT INTO `erp_dev`.`number_property` (id,category,prefix,number) VALUE(20,'CUSTOMER_PAYMENT','CPT-',1);
INSERT INTO `erp_dev`.`number_property` (id,category,prefix,number) VALUE(21,'SALES_RETURN','SR-',1);
INSERT INTO `erp_dev`.`number_property` (id,category,prefix,number) VALUE(22,'OPPORTUNITIES','OPPR-',1);
INSERT INTO `erp_dev`.`number_property` (id,category,prefix,number) VALUE(23,'LEADS_QUOTE','LQT-',1);
INSERT INTO `erp_dev`.`number_property` (id,category,prefix,number) VALUE(24,'PACKING_LIST','PL-',1);
INSERT INTO `erp_dev`.`number_property` (id,category,prefix,number) VALUE(25,'DELIVERY_NOTES','DVNT-',1);
INSERT INTO `erp_dev`.`number_property` (id,category,prefix,number) VALUE(26,'RECEIVING_NOTES','RVNT-',1);
INSERT INTO `erp_dev`.`number_property` (id,category,prefix,number) VALUE(27,'INVENTORY ENTRY','INTR-',1);
INSERT INTO `erp_dev`.`number_property` (id,category,prefix,number) VALUE(28,'INVENTORY WITHDRAWAL','INWR-',1);
